Matthew,Young,matthewby@gmail.com
William,Supardi,william.supardi@gmail.com
Ali,Ads,ali@theads.com.au
Billy,Baralah,billyb@pelo.cc
Iain,Crossing,iain.crossing@inspirationalworkplaces.com.au
Oscar,Syarif,oscars@pelo.cc
Niki,Questera Sutisna,questera@gmail.com
